lb_nummer,lb_bezeichnung,keywords,pruefhinweis,status
000,"Baustelleneinrichtungen, Sicherheitseinrichtungen",baustelleneinrichtung|bauzaun|absturzsicherung|bauschild|baustellenwc|baustrom|bauwasser|baustellenbeleuchtung,Strom/Wasser der Baustelle evtl. auch Nebenleistung; einzeln prüfen,entwurf
001,Gerüstarbeiten,gerüstarbeiten|fassadengerüst|arbeitsgerüst|schutzgerüst|raumgerüst|rollgerüst|standgerüst|gerüstbau,Traggerüste (Schalung) liegen eher bei 013,entwurf
002,Erdarbeiten,erdarbeiten|bodenaushub|baugrubenaushub|grabenaushub|aushub|oberbodenabtrag|mutterboden|bodenaustausch|bodenverdichtung|hinterfüllen|verfüllen|planum,"„verfüllen"" trifft auch Hohlräume/Fugen; „aushub"" auch Abbruch-Kontexte",entwurf
003,Landschaftsbauarbeiten,landschaftsbau|rasenansaat|fertigrasen|vegetationstragschicht|oberbodenarbeiten|mulchen|außenanlagen,,entwurf
004,Landschaftsbauarbeiten - Pflanzen,pflanzarbeiten|baumpflanzung|heckenpflanzung|gehölz|sträucher|stauden|pflanzgrube|baumscheibe|fertigstellungspflege|entwicklungspflege,,entwurf
005,Brunnenbauarbeiten und Aufschlussbohrungen,brunnenbau|brunnenbohrung|aufschlussbohrung|rammkernbohrung|grundwassermessstelle|pegelrohr|filterrohr,"bewusst ohne „bohrung"" allein (Kernbohrung gehört zu 084)",entwurf
006,Spezialtiefbauarbeiten,spezialtiefbau|bohrpfahl|bohrpfähle|rammpfahl|mikropfahl|spundwand|schlitzwand|trägerbohlwand|berliner verbau|baugrubenverbau|düsenstrahlverfahren|verpressanker|bodenvernagelung,,entwurf
007,Untertagebauarbeiten,untertagebau|tunnelbau|tunnelvortrieb|stollenvortrieb|tunnelausbau,sehr seltener LB; Liste ggf. ergänzen,entwurf
008,Wasserhaltungsarbeiten,wasserhaltung|grundwasserabsenkung|offene wasserhaltung|restwasserhaltung|brunnenwasserhaltung|baugrubenentwässerung,,entwurf
009,Entwässerungskanalarbeiten,entwässerungskanal|kanalbau|kanalrohr|kanalgrundrohr|grundleitung|revisionsschacht|kontrollschacht|einsteigschacht|kanalschacht|steinzeugrohr|hausanschlussleitung|kg-rohr,"bewusst ohne „schacht"" allein (Aufzugsschacht)",entwurf
010,Drän- und Versickerarbeiten,dränage|drainage|dränleitung|drainageleitung|dränrohr|sickerrohr|versickerung|rigole|sickerschacht|sickerpackung|flächendrän,"Mulden-Rigole trifft „rigole""",entwurf
011,Abscheider- und Kleinkläranlagen,abscheider|fettabscheider|ölabscheider|benzinabscheider|leichtflüssigkeitsabscheider|stärkeabscheider|kleinkläranlage|klärgrube|sammelgrube,,entwurf
012,Mauerarbeiten,mauerarbeiten|mauerwerk|ziegelmauerwerk|verblendmauerwerk|kalksandstein|porenbeton|hochlochziegel|mauerziegel|klinker|vormauerschale|mauermörtel|vermauern,"„klinker"" auch Pflasterklinker (080); „porenbeton"" auch Dämmung",entwurf
013,Betonarbeiten,betonarbeiten|stahlbeton|ortbeton|transportbeton|sichtbeton|spannbeton|betonstahl|bewehrungsstahl|bewehrung|betonschalung|wandschalung|deckenschalung|stützenschalung|schalungsarbeiten|betonfertigteil|filigrandecke|elementdecke|bodenplatte|streifenfundament|einzelfundament|fundamentplatte,"bewusst ohne „schalung""/„beton"" allein; „bodenplatte"" auch bei Estrich/Abdichtung möglich",entwurf
014,"Natur-, Betonwerksteinarbeiten",natursteinarbeiten|werksteinarbeiten|betonwerkstein|naturstein|granit|marmor|sandstein|muschelkalk|blockstufe,"„granit"" auch Granitpflaster (080); „sandstein"" steckt in Kalksandstein (012, dort länger → 012 gewinnt)",entwurf
016,Zimmer- und Holzbauarbeiten,zimmerarbeiten|zimmererarbeiten|holzbau|dachstuhl|holzkonstruktion|holzrahmenbau|holzständerwand|brettschichtholz|konstruktionsvollholz|kvh|brettsperrholz|leimholz|nagelplattenbinder|abbund|sparren|pfette,"„sparren"" auch Dachdeckung (020); „kvh"" kurz",entwurf
017,Stahlbauarbeiten,stahlbauarbeiten|stahlbau|stahlkonstruktion|stahlträger|stahlstütze|stahlprofil|walzprofil|s235|s355,Treppen/Geländer eher 031,entwurf
018,Abdichtungsarbeiten,abdichtungsarbeiten|bauwerksabdichtung|kellerabdichtung|sockelabdichtung|vertikalabdichtung|horizontalsperre|bitumendickbeschichtung|dickbeschichtung|bitumenbahn|schweißbahn|verbundabdichtung|weiße wanne,"„verbundabdichtung"" ist oft Fliesenarbeit (024); „abdichtung"" allein bewusst weggelassen",entwurf
019,Kampfmittelräumarbeiten,kampfmittel|kampfmittelräumung|kampfmittelsondierung|kampfmittelfreigabe|blindgänger|munition,,entwurf
020,Dachdeckungsarbeiten,dachdeckung|dachdeckungsarbeiten|dachziegel|tondachziegel|betondachstein|dachstein|biberschwanz|falzziegel|firstziegel|ortgang|dachlatte|traglattung|konterlattung|unterdeckbahn|unterspannbahn|schiefer,"„schiefer"" auch Schieferplatten Fassade (038)",entwurf
021,Dachabdichtungsarbeiten,dachabdichtung|flachdach|dachbahn|kunststoffdachbahn|epdm|gefälledämmung|dachbegrünung|lichtkuppel,Flachdachdämmung evtl. anderer LB,entwurf
022,Klempnerarbeiten,klempnerarbeiten|dachrinne|regenfallrohr|fallrohr|titanzink|zinkblech|kupferblech|attikaabdeckung|mauerabdeckung|fensterbankabdeckung|traufblech|kehlblech|schneefanggitter|dachentwässerung,"„fallrohr"" auch Abwasser-Fallleitung (044)",entwurf
023,"Putz- und Stuckarbeiten, Wärmedämmsysteme",putzarbeiten|innenputz|außenputz|kalkzementputz|gipsputz|maschinenputz|oberputz|kratzputz|kellenputz|edelputz|sockelputz|dämmputz|lehmputz|putzträger|eckschutzschiene|wärmedämmverbundsystem|wdvs|vollwärmeschutz|stuckarbeiten,"bewusst ohne „unterputz"" (Elektro-Unterputzdose)",entwurf
024,Fliesen- und Plattenarbeiten,fliesenarbeiten|fliesen|wandfliesen|bodenfliesen|fliesenbelag|feinsteinzeug|steinzeugfliesen|sockelfliese|fliesenkleber|dünnbett|mosaikfliesen|keramikplatten|plattenarbeiten,"„fliesen"" (Plural) statt „fliese"": sonst Treffer auf „Fließestrich"" in ASCII-Schreibweise",entwurf
025,Estricharbeiten,estricharbeiten|estrich|zementestrich|calciumsulfatestrich|anhydritestrich|fließestrich|fliessestrich|gussasphaltestrich|heizestrich|verbundestrich|trockenestrich|randdämmstreifen|trittschalldämmung,"„trittschalldämmung"" evtl. auch Dämmarbeiten anderer LB",entwurf
026,"Fenster, Außentüren",kunststofffenster|holzfenster|aluminiumfenster|alufenster|holz-alu-fenster|dachflächenfenster|fensterelement|fensteranlage|fenstertür|balkontür|hebeschiebetür|haustür|außentür,"bewusst ohne „fenster"" allein (Fensterbank, Fensterlaibung, Fensterreinigung)",entwurf
027,Tischlerarbeiten,tischlerarbeiten|innentür|zimmertür|türblatt|türzarge|holzzarge|türbekleidung|vollholztür|einbauschrank|einbaumöbel|tischlerplatte|innenfensterbank,"Brandschutztüren eher 031; „türblatt"" auch bei Stahltüren",entwurf
028,"Parkett-, Holzpflasterarbeiten",parkett|parkettarbeiten|stabparkett|mosaikparkett|fertigparkett|massivparkett|lamellenparkett|holzpflaster|dielenboden|schiffsboden|parkettversiegelung,Klick-Parkett evtl. 036,entwurf
029,Beschlagarbeiten,beschlagarbeiten|türbeschlag|türdrücker|drückergarnitur|rosettengarnitur|einsteckschloss|mehrfachverriegelung|panikbeschlag|panikschloss|schließzylinder|profilzylinder|schließanlage|türschließer|obentürschließer|bändersatz|türband,Schließanlage überschneidet 064 (elektronische Schließsysteme),entwurf
030,Rollladenarbeiten,rollladen|rollläden|rolladen|rollladenkasten|raffstore|außenjalousie|jalousie|markise|sonnenschutz|fensterladen|klappladen|schiebeladen|insektenschutz,"„jalousie"" auch Jalousieklappe (075)",entwurf
031,Metallbauarbeiten,metallbauarbeiten|schlosserarbeiten|metallbau|geländer|stahlgeländer|treppengeländer|absturzgeländer|handlauf|stahltreppe|metalltreppe|fluchttreppe|gitterrost|stahltür|metalltür|rohrrahmentür|stahlzarge|brandschutztür|rauchschutztür|feuerschutztür|t30-tür|t90-tür|pfosten-riegel|rolltor|sektionaltor|steigleiter|vordach|schachtabdeckung,"bewusst ohne „rost"" (Frost) und „leiter"" (Bauleiter)",entwurf
032,Verglasungsarbeiten,verglasungsarbeiten|verglasung|isolierglas|mehrscheibenisolierglas|sicherheitsglas|verbundsicherheitsglas|vsg|esg|brandschutzglas|glastrennwand|ganzglas|glasfassade|glasbausteine|ornamentglas|spiegel,"„vsg""/„esg"" kurz: Treffer in anderen Wörtern prüfen; „spiegel"" auch Wasserspiegel",entwurf
033,Baureinigungsarbeiten,baureinigung|bauendreinigung|bauzwischenreinigung|baufeinreinigung|grobreinigung|feinreinigung|schlussreinigung|grundreinigung|unterhaltsreinigung|fensterreinigung|reinigungsarbeiten,,entwurf
034,Maler- und Lackierarbeiten - Beschichtungen,malerarbeiten|lackierarbeiten|lackierung|anstrich|innenanstrich|außenanstrich|dispersionsfarbe|silikatfarbe|kalkfarbe|fassadenfarbe|lasurbeschichtung|bodenbeschichtung|epoxidharzbeschichtung,"„anstrich"" steckt in „Voranstrich"" (Bitumenvoranstrich, 018)",entwurf
035,Korrosionsschutzarbeiten an Stahlbauten,korrosionsschutz|korrosionsschutzarbeiten|entrostung|sandstrahlen|druckluftstrahlen|reinheitsgrad|feuerverzinken|stückverzinkung|zinkstaubgrundierung|duplexsystem|brandschutzbeschichtung,"bewusst ohne „strahlen"" (Strahlenschutz); „korrosionsschutz"" auch bei 081",entwurf
036,Bodenbelagarbeiten,bodenbelagarbeiten|bodenbelag|bodenbeläge|linoleum|pvc-belag|vinylboden|vinylbelag|designbelag|designboden|kautschukbelag|teppichboden|teppichfliesen|nadelvlies|laminat|sportboden|korkbelag|korkboden,,entwurf
037,Tapezierarbeiten,tapezierarbeiten|tapezieren|tapete|raufaser|vliestapete|glasfasergewebe|glasvlies|malervlies|renoviervlies|fototapete,,entwurf
038,Vorgehängte hinterlüftete Fassaden,vorgehängte hinterlüftete fassade|vhf|hinterlüftete|fassadenbekleidung|fassadenverkleidung|fassadenplatten|fassadenunterkonstruktion|faserzementplatten|hpl-platten|kassettenfassade|natursteinfassade|metallfassade|holzfassade|vorhangfassade,,entwurf
039,Trockenbauarbeiten,trockenbauarbeiten|trockenbau|trockenbauwand|gipskarton|gipskartonplatte|gipsfaserplatte|metallständerwand|ständerwand|installationswand|vorsatzschale|abgehängte decke|unterdecke|rasterdecke|akustikdecke|deckensegel|mineralfaserdecke|schattenfuge|revisionsklappe|dachgeschossausbau,"„ständerwand"" auch Holzständerwand (016)",entwurf
040,Wärmeversorgungsanlagen - Betriebseinrichtungen,heizkessel|brennwertkessel|brennwerttherme|kesselanlage|wärmepumpe|pufferspeicher|heizzentrale|heizungsanlage|umwälzpumpe|ausdehnungsgefäß|wärmeübertrager|fernwärmeübergabestation|blockheizkraftwerk|bhkw|solarthermie|abgasanlage|heizungsverteiler,Wärmepumpe auch bei Kälte (078),entwurf
041,"Wärmeversorgungsanlagen - Leitungen, Armaturen, Heizflächen",heizkörper|flachheizkörper|plattenheizkörper|röhrenheizkörper|badheizkörper|konvektor|fußbodenheizung|flächenheizung|heizkreisverteiler|thermostatventil|heizungsrohr|heizungsleitung|heizungsarmatur|rücklaufverschraubung|mehrschichtverbundrohr|deckenstrahlplatte,,entwurf
042,"Gas- und Wasseranlagen - Leitungen, Armaturen",trinkwasser|trinkwasserinstallation|trinkwasserleitung|wasserleitung|kaltwasserleitung|warmwasserleitung|zirkulationsleitung|gasleitung|gasinstallation|gasströmungswächter|kupferrohr|edelstahlrohr|pressfitting|pe-xa|absperrarmatur|eckventil|rohrbelüfter|wasserzähler|hauswasserstation|druckminderer|rückflussverhinderer|systemtrenner,"„wasserleitung"" überschneidet 043 (außerhalb Gebäude)",entwurf
043,"Druckrohrleitungen für Gas, Wasser und Abwasser",druckrohrleitung|druckrohr|gussrohr|pe-hd|wasserleitungsbau|rohrgraben|hydrant|überflurhydrant|unterflurhydrant|schieberkappe|straßenkappe|gasdruckleitung|abwasserdruckleitung,"„gussrohr"" auch SML-Abflussrohr (044)",entwurf
044,"Abwasseranlagen - Leitungen, Abläufe, Armaturen",abwasserleitung|abwasserrohr|abflussleitung|abflussrohr|fallleitung|sammelleitung|anschlussleitung|ht-rohr|sml-rohr|bodenablauf|dachablauf|hofablauf|ablaufrinne|duschrinne|geruchverschluss|rohrbelüftung|belüftungsleitung|reinigungsöffnung|rückstauverschluss,,entwurf
045,"Gas-, Wasser- und Entwässerungsanlagen - Ausstattung, Elemente, Fertigbäder",waschtisch|waschbecken|handwaschbecken|ausgussbecken|wc-anlage|wc-becken|wc-schüssel|wandhängendes wc|urinal|badewanne|duschwanne|duschtasse|duschabtrennung|duschkabine|brausegarnitur|handbrause|spülkasten|vorwandelement|installationsblock|sanitärobjekt|sanitärausstattung|fertigbad,"bewusst ohne „wc"" allein",entwurf
046,"Gas-, Wasser- und Entwässerungsanlagen - Betriebseinrichtungen",druckerhöhungsanlage|trinkwassererwärmer|warmwasserspeicher|boiler|durchlauferhitzer|enthärtungsanlage|enthärter|wasseraufbereitung|dosieranlage|rückspülfilter|trinkwasserfilter|hebeanlage|abwasserhebeanlage|schmutzwasserhebeanlage|regenwassernutzung|zisterne|hauswasserwerk|rohrtrenner,,entwurf
047,Dämm- und Brandschutzarbeiten an technischen Anlagen,rohrdämmung|rohrisolierung|rohrleitungsdämmung|dämmschale|rohrschale|kanaldämmung|brandschutzmanschette|rohrabschottung|kabelabschottung|brandschutzabschottung|abschottung|weichschott|blechummantelung|alu-ummantelung|pvc-ummantelung,"bewusst ohne „schott"" (Schotter)",entwurf
049,"Feuerlöschanlagen, Feuerlöschgeräte",feuerlöscher|feuerlöschgerät|feuerlöschanlage|löschanlage|gaslöschanlage|schaumlöschanlage|sprinkleranlage|sprinkler|wandhydrant|löschwasserleitung|trockensteigleitung|nasssteigleitung|schlauchanschlussventil,Rauch-/Wärmeabzug bewusst nicht aufgenommen (075 oder 063?),entwurf
050,"Blitzschutz- / Erdungsanlagen, Überspannungsschutz",blitzschutz|blitzschutzanlage|fangeinrichtung|fangstange|erdungsanlage|erdungsleitung|fundamenterder|banderder|ringerder|tiefenerder|staberder|potentialausgleich|potenzialausgleich|überspannungsschutz|überspannungsableiter|blitzstromableiter,"bewusst ohne „ableitung"" allein (Regenwasserableitung)",entwurf
051,Kabelleitungstiefbauarbeiten,kabelgraben|kabelschutzrohr|kabelwarnband|kabelabdeckung|kabelzugschacht|kabeltiefbau|kabelleitungstiefbau|kabelbettung|spülbohrung|kabelhaube,,entwurf
052,Mittelspannungsanlagen,mittelspannung|mittelspannungsanlage|mittelspannungskabel|trafostation|transformatorstation|transformator|gießharztransformator|kompaktstation|übergabestation|netzstation|ringkabelanlage|schaltfeld|lasttrennschalter|20-kv|10-kv,,entwurf
053,"Niederspannungsanlagen - Kabel / Leitungen, Verlegesysteme, Installationsgeräte",mantelleitung|nym-j|n2xh|na2xh|nyy-j|kabeltrasse|kabelrinne|kabelpritsche|gitterrinne|kabelkanal|brüstungskanal|installationskanal|installationsrohr|leerrohr|elektroinstallation|steckdose|cee-steckdose|schalterprogramm|ausschalter|wechselschalter|serienschalter|lichttaster|tastschalter|abzweigdose|geräteeinbaudose|hohlwanddose|bewegungsmelder,"bewusst ohne „taster"" allein (Schadstoffkataster); Klingeltaster gehört zu 060",entwurf
054,Niederspannungsanlagen - Verteilersysteme und Einbaugeräte,unterverteiler|hauptverteiler|stromkreisverteiler|etagenverteiler|wohnungsverteiler|zählerverteiler|verteilerschrank|schaltschrank|zählerschrank|zählerplatz|niederspannungshauptverteilung|leitungsschutzschalter|sicherungsautomat|fi-schutzschalter|fi-schalter|fehlerstromschutzschalter|rcd|reiheneinbaugerät|motorschutzschalter|installationsschütz|schaltschütz|sammelschiene|nh-sicherung|neozed|diazed,"„schaltschrank"" auch MSR (070); „rcd"" kurz",entwurf
055,Sicherheits- und Ersatzstromversorgungsanlagen,usv-anlage|unterbrechungsfreie stromversorgung|notstromaggregat|notstrom|netzersatzanlage|netzersatz|dieselaggregat|ersatzstromversorgung|ersatzstromanlage|sicherheitsstromversorgung|batterieanlage|zentralbatterie,"bewusst ohne „usv"" allein (Hausverwaltung)",entwurf
057,Gebäudesystemtechnik,knx|instabus|gebäudesystemtechnik|bussystem|busankoppler|busleitung|linienkoppler|bereichskoppler|schaltaktor|jalousieaktor|dimmaktor|binäreingang|präsenzmelder|tastsensor,"bewusst ohne „eib"" (Leibung)",entwurf
058,Leuchten und Lampen,leuchte|led-leuchte|pendelleuchte|anbauleuchte|einbauleuchte|feuchtraumleuchte|wannenleuchte|rasterleuchte|außenleuchte|mastleuchte|downlight|einbaustrahler|lichtband|lichtleiste|leuchtmittel|led-modul|leuchtstofflampe|vorschaltgerät,"„leuchte"" überschneidet 059 (Notleuchte: dort länger → 059 gewinnt)",entwurf
059,Sicherheitsbeleuchtungsanlagen,sicherheitsbeleuchtung|notbeleuchtung|rettungswegbeleuchtung|sicherheitsleuchte|notleuchte|fluchtwegleuchte|rettungszeichenleuchte|rettungszeichen|einzelbatterieleuchte|zentralbatterieanlage|fluchtwegkennzeichnung|antipanikbeleuchtung,,entwurf
060,"Such-, Signal-, Zeitdienst-, Antennen-, elektroakustische Anlagen, Medientechnik",antennenanlage|sat-anlage|satellitenanlage|kabelfernsehen|breitbandkabelanlage|rufanlage|schwesternrufanlage|signalanlage|klingelanlage|türsprechanlage|gegensprechanlage|videosprechanlage|türstation|uhrenanlage|nebenuhr|zeitdienstanlage|beschallungsanlage|lautsprecher|mikrofon|induktionsschleife|durchsageanlage|medientechnik|beamer|präsentationstechnik|konferenztechnik,,entwurf
061,Kommunikations- und Übertragungsnetze,strukturierte verkabelung|netzwerkverkabelung|datennetz|datenkabel|patchkabel|patchfeld|patchpanel|cat6|cat7|datendose|netzwerkdose|lichtwellenleiter|glasfaserkabel|netzwerkschrank|datenschrank|serverschrank|rj45|ethernet|twisted-pair|fernmeldekabel|multimediaverteiler,,entwurf
062,Kommunikationsanlagen,telefonanlage|tk-anlage|nebenstellenanlage|kommunikationsanlage|fernsprechanlage|telefonie|voip|dect,"„dect"" kurz",entwurf
063,Gefahrenmeldeanlagen,brandmeldeanlage|brandmelder|rauchmelder|rauchwarnmelder|handfeuermelder|druckknopfmelder|brandmeldezentrale|melderlinie|einbruchmeldeanlage|überfallmeldeanlage|gefahrenmeldeanlage|videoüberwachung|überwachungskamera|gaswarnanlage|feststellanlage|türhaltemagnet|alarmierung|sirene,"bewusst ohne „bma""/„ema"" (Thema, Schema)",entwurf
064,"Zutrittskontroll-, Zeiterfassungssysteme",zutrittskontrolle|zutrittskontrollsystem|zugangskontrolle|zeiterfassung|zeiterfassungssystem|zeitwirtschaft|kartenleser|ausweisleser|zutrittsleser|transponder|rfid|elektronisches schließsystem|digitalzylinder|vereinzelungsanlage|drehkreuz|biometrie,,entwurf
069,Aufzüge,aufzug|aufzugsanlage|personenaufzug|lastenaufzug|feuerwehraufzug|bettenaufzug|fahrstuhl|hydraulikaufzug|treibscheibenaufzug|fahrtreppe|rolltreppe|fahrsteig|hebebühne|plattformlift|treppenlift|hublift,"„aufzug"" auch Aufzugsschacht im Rohbau (013) und Baustellenaufzug (090)",entwurf
070,Gebäudeautomation,gebäudeautomation|gebäudeleittechnik|gebäudeleitsystem|automationsstation|ddc-regler|regelungstechnik|msr-technik|raumregler|raumtemperaturfühler|temperaturfühler|stellantrieb|bacnet|modbus|lonworks|datenpunkt|managementebene|automationsebene|leitebene|energiemanagement|gebäudemanagement,,entwurf
075,Raumlufttechnische Anlagen,raumlufttechnik|rlt-anlage|lüftungsanlage|lüftungsgerät|zuluftgerät|abluftgerät|kompaktlüftungsgerät|klimaanlage|klimagerät|splitgerät|fan-coil|gebläsekonvektor|induktionsgerät|lüftungskanal|luftkanal|wickelfalzrohr|lüftungsrohr|lüftungsgitter|luftdurchlass|tellerventil|drallauslass|weitwurfdüse|volumenstromregler|brandschutzklappe|absperrklappe|schalldämpfer|wärmerückgewinnung|ventilator|axialventilator|dachventilator|taschenfilter|luftfilter|küchenabluft|fettfilter|wohnungslüftung|kontrollierte wohnraumlüftung|entrauchung|rauchabzug,Splitgeräte/Fan-Coil überschneiden Kälte (078),entwurf
078,Kälteanlagen für raumlufttechnische Anlagen,kälteanlage|kältemaschine|kaltwassersatz|kaltwassernetz|kaltwasserverteiler|kälteerzeuger|kältezentrale|kältemittel|kältemittelleitung|rückkühlwerk|rückkühler|kühlturm|verflüssiger|verdichter|kältespeicher|eisspeicher|freecooling|glykol,"„kaltwasser"" allein bewusst weggelassen (Trinkwasser, 042)",entwurf
080,"Straßen, Wege, Plätze",straßenbau|wegebau|pflaster|pflasterarbeiten|betonpflaster|natursteinpflaster|pflasterklinker|pflasterrinne|ökopflaster|rasengittersteine|asphalt|asphalttragschicht|asphaltdeckschicht|asphaltbinder|schottertragschicht|tragschicht|frostschutzschicht|bordstein|randstein|tiefbordstein|rasenkantenstein|straßenablauf|straßenentwässerung|gehweg|radweg|fahrbahn|parkplatz,"„asphalt"" auch Gussasphaltestrich (025, dort länger → 025 gewinnt)",entwurf
081,Betonerhaltungsarbeiten,betonerhaltung|betoninstandsetzung|betonsanierung|betonersatz|reprofilierung|reprofilieren|instandsetzungsmörtel|spritzmörtel|haftbrücke|passivierung|karbonatisierung|chloridbelastet|betonabtrag|hochdruckwasserstrahlen|rissinjektion|rissverpressung|rissbehandlung|epoxidharzinjektion|polyurethaninjektion|oberflächenschutzsystem|kathodischer korrosionsschutz,Abtrag per Wasserstrahl auch bei 084 denkbar,entwurf
082,Bekämpfender Holzschutz,bekämpfender holzschutz|holzschutz|holzschutzmittel|holzschädlinge|hausbock|hausschwamm|echter hausschwamm|schwammsanierung|holzwurm|trockenholzinsekten|bohrlochtränkung|heißluftverfahren|befallsbekämpfung|braunfäule|weißfäule,"vorbeugender Holzschutz steht auch in 016; „holzschutz"" allein trifft beide",entwurf
084,"Abbruch-, Rückbau- und Schadstoffsanierungsarbeiten",abbrucharbeiten|rückbauarbeiten|abbruch|rückbau|teilabbruch|entkernung|demontage|wanddurchbruch|kernbohrung|betonsägen|wandsägen|seilsäge|schadstoffsanierung|schadstoffbeseitigung|schadstoffbelastet|schadstoffkataster|asbest|asbestzement|pcb|künstliche mineralfaser|teerhaltig|teerkork|dekontamination|schwarzbereich|unterdruckhaltung,"Kernbohrung: LB-Zuordnung unsicher; „demontage"" auch Haustechnik; „abbruch"" auch Textstellen wie „Abbruch der Arbeiten""",entwurf
085,Rohrvortriebsarbeiten,rohrvortrieb|rohrvortriebsarbeiten|rohrpressung|pressvortrieb|bohrpressung|microtunneling|mikrotunnelbau|vortriebsrohr|startschacht|zielschacht|pressgrube|grabenlose verlegung|erdrakete|berstlining,Relining/Schlauchlining bewusst offen (009 oder 085?),entwurf
087,"Abfallentsorgung, Verwertung und Beseitigung",abfallentsorgung|entsorgung|abfall|abfallbeseitigung|abfallverwertung|abfallcontainer|baumischabfall|mischabfall|bauschutt|deponie|deponierung|deponiegebühr|deponieklasse|ablagerungsklasse|entsorgungsnachweis|verwertungsnachweis|wiegeschein|annahmegebühr|abfallschlüssel|recycling|belasteter boden|kontaminierter boden,"„entsorgung""/„abfall"" auch in Nebenleistungstexten anderer LBs (ständiger Satz „Entsorgung ist einzurechnen"") – Hauptrisiko für Fehlzuordnung",entwurf
089,Verkehrssicherungsarbeiten,verkehrssicherung|verkehrssicherungsarbeiten|verkehrszeichen|verkehrsschild|baustellenbeschilderung|beschilderung|verkehrsführung|verkehrsregelung|halteverbot|halteverbotszone|baustellenampel|lichtsignalanlage|warnleuchte|blinkleuchte|leitbake|warnbake|leitkegel|verkehrsleitkegel|absperrschranke|absperrgitter|sperrgitter|leitwand|leitplanke|fahrzeugrückhaltesystem|fahrbahnmarkierung|verkehrsrechtliche anordnung,"„absperrschranke"" auch Baustelleneinrichtung (000)",entwurf
090,Baulogistik,baulogistik|baustellenlogistik|logistik|baustellenverkehr|baustellenzufahrt|zufahrtsregelung|zufahrtskontrolle|ladezone|umschlagplatz|materialumschlag|lagerfläche|lagerplatz|turmdrehkran|turmkran|mobilkran|baukran|autokran|krananlage|kranvorhaltung|kranstellung|bauaufzug|baustellenaufzug|materialaufzug|transportaufzug|vertikaltransport|horizontaltransport|schuttrutsche|abwurfschacht,"bewusst ohne „kran"" allein (Krankenhaus!)",entwurf
091,Stundenlohnarbeiten,stundenlohn|stundenlohnarbeiten|stundenverrechnungssatz|stundensatz|regiestunde|regiestunden|regiearbeiten|tagelohn|lohnstunde|lohnstunden|facharbeiter|vorarbeiter|bauhelfer,"bewusst ohne „regie"", „polier"", „werker"" (Regierung, Polierplan, Handwerker)",entwurf
096,Bauarbeiten an Bahnübergängen,bahnübergang|bahnübergänge|bahnübergangsanlage|bahnübergangsbelag|bahnübergangsplatte|bahnübergangsfertigteil|eisenbahnkreuzung|gleisquerung|andreaskreuz|halbschranke|bü-platten,,entwurf
097,Bauarbeiten an Gleisen und Weichen,gleisbau|gleisbauarbeiten|gleisanlage|gleisoberbau|gleisjoch|gleisschwelle|betonschwelle|holzschwelle|gleisschotter|gleisstopfen|bettungsreinigung|schienenschweißung|schienenbefestigung|vignolschiene|rillenschiene|zungenvorrichtung|weichenantrieb|weichenbau|herzstück|gleisanschluss|gleisrückbau|gleisverlegung,"bewusst ohne „weiche"" (ausweichen) und „schiene"" (Hutschiene, Stromschiene)",entwurf
098,Witterungsschutzmaßnahmen,witterungsschutz|wetterschutz|wetterschutzdach|wetterschutzhalle|schutzdach|notdach|einhausung|bauzelt|zeltdach|gerüstplane|gerüstabdeckung|abdeckplane|schutzplane|regenschutz|schlagregenschutz|winterbau|winterbauschutz|baustellenheizung|bauheizung|bautrocknung|bautrockner|frostschutzmaßnahmen|notabdichtung,"„einhausung"" auch Schadstoffsanierung (084)",entwurf
